
> soil-health-frontend@0.1.0 start
> react-scripts start

Starting the development server...

Compiled with warnings.

[eslint] 
src\App.js
  Line 6:3:      'LineChart' is defined but never used                                                                                              no-unused-vars
  Line 21:3:     'HelpCircle' is defined but never used                                                                                             no-unused-vars
  Line 23:3:     'XCircle' is defined but never used                                                                                                no-unused-vars
  Line 28:3:     'Wrench' is defined but never used                                                                                                 no-unused-vars
  Line 29:3:     'Link2' is defined but never used                                                                                                  no-unused-vars
  Line 38:10:    'interactiveSubTab' is assigned a value but never used                                                                             no-unused-vars
  Line 38:29:    'setInteractiveSubTab' is assigned a value but never used                                                                          no-unused-vars
  Line 66:10:    'studyClusters' is assigned a value but never used                                                                                 no-unused-vars
  Line 67:10:    'studyImages' is assigned a value but never used                                                                                   no-unused-vars
  Line 72:10:    'generatingFigures' is assigned a value but never used                                                                             no-unused-vars
  Line 73:10:    'dbStatus' is assigned a value but never used                                                                                      no-unused-vars
  Line 74:10:    'refreshingDb' is assigned a value but never used                                                                                  no-unused-vars
  Line 77:25:    'setResultsSubTab' is assigned a value but never used                                                                              no-unused-vars
  Line 78:21:    'setNlpSubTab' is assigned a value but never used                                                                                  no-unused-vars
  Line 79:10:    'nlpClusters' is assigned a value but never used                                                                                   no-unused-vars
  Line 81:19:    'setAppMode' is assigned a value but never used                                                                                    no-unused-vars
  Line 83:10:    'ontologySource' is assigned a value but never used                                                                                no-unused-vars
  Line 83:26:    'setOntologySource' is assigned a value but never used                                                                             no-unused-vars
  Line 84:10:    'matrixOntologySource' is assigned a value but never used                                                                          no-unused-vars
  Line 84:32:    'setMatrixOntologySource' is assigned a value but never used                                                                       no-unused-vars
  Line 85:27:    'setAnalyticsSubTab' is assigned a value but never used                                                                            no-unused-vars
  Line 90:10:    'nlpDendrogram' is assigned a value but never used                                                                                 no-unused-vars
  Line 91:10:    'documentStats' is assigned a value but never used                                                                                 no-unused-vars
  Line 102:10:   'documentSearch' is assigned a value but never used                                                                                no-unused-vars
  Line 102:26:   'setDocumentSearch' is assigned a value but never used                                                                             no-unused-vars
  Line 105:24:   'setDevResponses' is assigned a value but never used                                                                               no-unused-vars
  Line 150:13:   'angle' is assigned a value but never used                                                                                         no-unused-vars
  Line 297:36:   Unexpected mix of '||' and '&&'. Use parentheses to clarify the intended order of operations                                       no-mixed-operators
  Line 297:70:   Unexpected mix of '||' and '&&'. Use parentheses to clarify the intended order of operations                                       no-mixed-operators
  Line 347:9:    'DESIGN_METADATA' is assigned a value but never used                                                                               no-unused-vars
  Line 478:9:    'OPERATIONAL_CATEGORIES' is assigned a value but never used                                                                        no-unused-vars
  Line 623:9:    'fetchSemanticMapping' is assigned a value but never used                                                                          no-unused-vars
  Line 650:9:    'refreshDb' is assigned a value but never used                                                                                     no-unused-vars
  Line 735:9:    'handleSuggestionAction' is assigned a value but never used                                                                        no-unused-vars
  Line 755:9:    'runNlpClustering' is assigned a value but never used                                                                              no-unused-vars
  Line 842:6:    React Hook useEffect has missing dependencies: 'fetchStudySummary' and 'view'. Either include them or remove the dependency array  react-hooks/exhaustive-deps
  Line 844:9:    'generateResearchFigures' is assigned a value but never used                                                                       no-unused-vars
  Line 1565:27:  img elements must have an alt prop, either with meaningful text, or an empty string for decorative images                          jsx-a11y/alt-text
  Line 1569:27:  img elements must have an alt prop, either with meaningful text, or an empty string for decorative images                          jsx-a11y/alt-text
  Line 1573:27:  img elements must have an alt prop, either with meaningful text, or an empty string for decorative images                          jsx-a11y/alt-text
  Line 1577:27:  img elements must have an alt prop, either with meaningful text, or an empty string for decorative images                          jsx-a11y/alt-text

Search for the keywords to learn more about each warning.
To ignore, add // eslint-disable-next-line to the line before.

WARNING in [eslint] 
src\App.js
  Line 6:3:      'LineChart' is defined but never used                                                                                              no-unused-vars
  Line 21:3:     'HelpCircle' is defined but never used                                                                                             no-unused-vars
  Line 23:3:     'XCircle' is defined but never used                                                                                                no-unused-vars
  Line 28:3:     'Wrench' is defined but never used                                                                                                 no-unused-vars
  Line 29:3:     'Link2' is defined but never used                                                                                                  no-unused-vars
  Line 38:10:    'interactiveSubTab' is assigned a value but never used                                                                             no-unused-vars
  Line 38:29:    'setInteractiveSubTab' is assigned a value but never used                                                                          no-unused-vars
  Line 66:10:    'studyClusters' is assigned a value but never used                                                                                 no-unused-vars
  Line 67:10:    'studyImages' is assigned a value but never used                                                                                   no-unused-vars
  Line 72:10:    'generatingFigures' is assigned a value but never used                                                                             no-unused-vars
  Line 73:10:    'dbStatus' is assigned a value but never used                                                                                      no-unused-vars
  Line 74:10:    'refreshingDb' is assigned a value but never used                                                                                  no-unused-vars
  Line 77:25:    'setResultsSubTab' is assigned a value but never used                                                                              no-unused-vars
  Line 78:21:    'setNlpSubTab' is assigned a value but never used                                                                                  no-unused-vars
  Line 79:10:    'nlpClusters' is assigned a value but never used                                                                                   no-unused-vars
  Line 81:19:    'setAppMode' is assigned a value but never used                                                                                    no-unused-vars
  Line 83:10:    'ontologySource' is assigned a value but never used                                                                                no-unused-vars
  Line 83:26:    'setOntologySource' is assigned a value but never used                                                                             no-unused-vars
  Line 84:10:    'matrixOntologySource' is assigned a value but never used                                                                          no-unused-vars
  Line 84:32:    'setMatrixOntologySource' is assigned a value but never used                                                                       no-unused-vars
  Line 85:27:    'setAnalyticsSubTab' is assigned a value but never used                                                                            no-unused-vars
  Line 90:10:    'nlpDendrogram' is assigned a value but never used                                                                                 no-unused-vars
  Line 91:10:    'documentStats' is assigned a value but never used                                                                                 no-unused-vars
  Line 102:10:   'documentSearch' is assigned a value but never used                                                                                no-unused-vars
  Line 102:26:   'setDocumentSearch' is assigned a value but never used                                                                             no-unused-vars
  Line 105:24:   'setDevResponses' is assigned a value but never used                                                                               no-unused-vars
  Line 150:13:   'angle' is assigned a value but never used                                                                                         no-unused-vars
  Line 297:36:   Unexpected mix of '||' and '&&'. Use parentheses to clarify the intended order of operations                                       no-mixed-operators
  Line 297:70:   Unexpected mix of '||' and '&&'. Use parentheses to clarify the intended order of operations                                       no-mixed-operators
  Line 347:9:    'DESIGN_METADATA' is assigned a value but never used                                                                               no-unused-vars
  Line 478:9:    'OPERATIONAL_CATEGORIES' is assigned a value but never used                                                                        no-unused-vars
  Line 623:9:    'fetchSemanticMapping' is assigned a value but never used                                                                          no-unused-vars
  Line 650:9:    'refreshDb' is assigned a value but never used                                                                                     no-unused-vars
  Line 735:9:    'handleSuggestionAction' is assigned a value but never used                                                                        no-unused-vars
  Line 755:9:    'runNlpClustering' is assigned a value but never used                                                                              no-unused-vars
  Line 842:6:    React Hook useEffect has missing dependencies: 'fetchStudySummary' and 'view'. Either include them or remove the dependency array  react-hooks/exhaustive-deps
  Line 844:9:    'generateResearchFigures' is assigned a value but never used                                                                       no-unused-vars
  Line 1565:27:  img elements must have an alt prop, either with meaningful text, or an empty string for decorative images                          jsx-a11y/alt-text
  Line 1569:27:  img elements must have an alt prop, either with meaningful text, or an empty string for decorative images                          jsx-a11y/alt-text
  Line 1573:27:  img elements must have an alt prop, either with meaningful text, or an empty string for decorative images                          jsx-a11y/alt-text
  Line 1577:27:  img elements must have an alt prop, either with meaningful text, or an empty string for decorative images                          jsx-a11y/alt-text

webpack compiled with 1 warning
Compiling...
Compiled with warnings.

[eslint] 
src\App.js
  Line 6:3:      'LineChart' is defined but never used                                                                                              no-unused-vars
  Line 21:3:     'HelpCircle' is defined but never used                                                                                             no-unused-vars
  Line 23:3:     'XCircle' is defined but never used                                                                                                no-unused-vars
  Line 28:3:     'Wrench' is defined but never used                                                                                                 no-unused-vars
  Line 29:3:     'Link2' is defined but never used                                                                                                  no-unused-vars
  Line 38:10:    'interactiveSubTab' is assigned a value but never used                                                                             no-unused-vars
  Line 38:29:    'setInteractiveSubTab' is assigned a value but never used                                                                          no-unused-vars
  Line 66:10:    'studyClusters' is assigned a value but never used                                                                                 no-unused-vars
  Line 67:10:    'studyImages' is assigned a value but never used                                                                                   no-unused-vars
  Line 72:10:    'generatingFigures' is assigned a value but never used                                                                             no-unused-vars
  Line 73:10:    'dbStatus' is assigned a value but never used                                                                                      no-unused-vars
  Line 74:10:    'refreshingDb' is assigned a value but never used                                                                                  no-unused-vars
  Line 77:25:    'setResultsSubTab' is assigned a value but never used                                                                              no-unused-vars
  Line 78:21:    'setNlpSubTab' is assigned a value but never used                                                                                  no-unused-vars
  Line 79:10:    'nlpClusters' is assigned a value but never used                                                                                   no-unused-vars
  Line 81:19:    'setAppMode' is assigned a value but never used                                                                                    no-unused-vars
  Line 83:10:    'ontologySource' is assigned a value but never used                                                                                no-unused-vars
  Line 83:26:    'setOntologySource' is assigned a value but never used                                                                             no-unused-vars
  Line 84:10:    'matrixOntologySource' is assigned a value but never used                                                                          no-unused-vars
  Line 84:32:    'setMatrixOntologySource' is assigned a value but never used                                                                       no-unused-vars
  Line 85:27:    'setAnalyticsSubTab' is assigned a value but never used                                                                            no-unused-vars
  Line 89:10:    'mponelaTermsSummary' is assigned a value but never used                                                                           no-unused-vars
  Line 89:31:    'setMponelaTermsSummary' is assigned a value but never used                                                                        no-unused-vars
  Line 90:10:    'termsSummaryLoading' is assigned a value but never used                                                                           no-unused-vars
  Line 90:31:    'setTermsSummaryLoading' is assigned a value but never used                                                                        no-unused-vars
  Line 92:10:    'nlpDendrogram' is assigned a value but never used                                                                                 no-unused-vars
  Line 93:10:    'documentStats' is assigned a value but never used                                                                                 no-unused-vars
  Line 104:10:   'documentSearch' is assigned a value but never used                                                                                no-unused-vars
  Line 104:26:   'setDocumentSearch' is assigned a value but never used                                                                             no-unused-vars
  Line 107:24:   'setDevResponses' is assigned a value but never used                                                                               no-unused-vars
  Line 152:13:   'angle' is assigned a value but never used                                                                                         no-unused-vars
  Line 299:36:   Unexpected mix of '||' and '&&'. Use parentheses to clarify the intended order of operations                                       no-mixed-operators
  Line 299:70:   Unexpected mix of '||' and '&&'. Use parentheses to clarify the intended order of operations                                       no-mixed-operators
  Line 349:9:    'DESIGN_METADATA' is assigned a value but never used                                                                               no-unused-vars
  Line 480:9:    'OPERATIONAL_CATEGORIES' is assigned a value but never used                                                                        no-unused-vars
  Line 625:9:    'fetchSemanticMapping' is assigned a value but never used                                                                          no-unused-vars
  Line 652:9:    'refreshDb' is assigned a value but never used                                                                                     no-unused-vars
  Line 737:9:    'handleSuggestionAction' is assigned a value but never used                                                                        no-unused-vars
  Line 757:9:    'runNlpClustering' is assigned a value but never used                                                                              no-unused-vars
  Line 844:6:    React Hook useEffect has missing dependencies: 'fetchStudySummary' and 'view'. Either include them or remove the dependency array  react-hooks/exhaustive-deps
  Line 846:9:    'generateResearchFigures' is assigned a value but never used                                                                       no-unused-vars
  Line 1567:27:  img elements must have an alt prop, either with meaningful text, or an empty string for decorative images                          jsx-a11y/alt-text
  Line 1571:27:  img elements must have an alt prop, either with meaningful text, or an empty string for decorative images                          jsx-a11y/alt-text
  Line 1575:27:  img elements must have an alt prop, either with meaningful text, or an empty string for decorative images                          jsx-a11y/alt-text
  Line 1579:27:  img elements must have an alt prop, either with meaningful text, or an empty string for decorative images                          jsx-a11y/alt-text

Search for the keywords to learn more about each warning.
To ignore, add // eslint-disable-next-line to the line before.

WARNING in [eslint] 
src\App.js
  Line 6:3:      'LineChart' is defined but never used                                                                                              no-unused-vars
  Line 21:3:     'HelpCircle' is defined but never used                                                                                             no-unused-vars
  Line 23:3:     'XCircle' is defined but never used                                                                                                no-unused-vars
  Line 28:3:     'Wrench' is defined but never used                                                                                                 no-unused-vars
  Line 29:3:     'Link2' is defined but never used                                                                                                  no-unused-vars
  Line 38:10:    'interactiveSubTab' is assigned a value but never used                                                                             no-unused-vars
  Line 38:29:    'setInteractiveSubTab' is assigned a value but never used                                                                          no-unused-vars
  Line 66:10:    'studyClusters' is assigned a value but never used                                                                                 no-unused-vars
  Line 67:10:    'studyImages' is assigned a value but never used                                                                                   no-unused-vars
  Line 72:10:    'generatingFigures' is assigned a value but never used                                                                             no-unused-vars
  Line 73:10:    'dbStatus' is assigned a value but never used                                                                                      no-unused-vars
  Line 74:10:    'refreshingDb' is assigned a value but never used                                                                                  no-unused-vars
  Line 77:25:    'setResultsSubTab' is assigned a value but never used                                                                              no-unused-vars
  Line 78:21:    'setNlpSubTab' is assigned a value but never used                                                                                  no-unused-vars
  Line 79:10:    'nlpClusters' is assigned a value but never used                                                                                   no-unused-vars
  Line 81:19:    'setAppMode' is assigned a value but never used                                                                                    no-unused-vars
  Line 83:10:    'ontologySource' is assigned a value but never used                                                                                no-unused-vars
  Line 83:26:    'setOntologySource' is assigned a value but never used                                                                             no-unused-vars
  Line 84:10:    'matrixOntologySource' is assigned a value but never used                                                                          no-unused-vars
  Line 84:32:    'setMatrixOntologySource' is assigned a value but never used                                                                       no-unused-vars
  Line 85:27:    'setAnalyticsSubTab' is assigned a value but never used                                                                            no-unused-vars
  Line 89:10:    'mponelaTermsSummary' is assigned a value but never used                                                                           no-unused-vars
  Line 89:31:    'setMponelaTermsSummary' is assigned a value but never used                                                                        no-unused-vars
  Line 90:10:    'termsSummaryLoading' is assigned a value but never used                                                                           no-unused-vars
  Line 90:31:    'setTermsSummaryLoading' is assigned a value but never used                                                                        no-unused-vars
  Line 92:10:    'nlpDendrogram' is assigned a value but never used                                                                                 no-unused-vars
  Line 93:10:    'documentStats' is assigned a value but never used                                                                                 no-unused-vars
  Line 104:10:   'documentSearch' is assigned a value but never used                                                                                no-unused-vars
  Line 104:26:   'setDocumentSearch' is assigned a value but never used                                                                             no-unused-vars
  Line 107:24:   'setDevResponses' is assigned a value but never used                                                                               no-unused-vars
  Line 152:13:   'angle' is assigned a value but never used                                                                                         no-unused-vars
  Line 299:36:   Unexpected mix of '||' and '&&'. Use parentheses to clarify the intended order of operations                                       no-mixed-operators
  Line 299:70:   Unexpected mix of '||' and '&&'. Use parentheses to clarify the intended order of operations                                       no-mixed-operators
  Line 349:9:    'DESIGN_METADATA' is assigned a value but never used                                                                               no-unused-vars
  Line 480:9:    'OPERATIONAL_CATEGORIES' is assigned a value but never used                                                                        no-unused-vars
  Line 625:9:    'fetchSemanticMapping' is assigned a value but never used                                                                          no-unused-vars
  Line 652:9:    'refreshDb' is assigned a value but never used                                                                                     no-unused-vars
  Line 737:9:    'handleSuggestionAction' is assigned a value but never used                                                                        no-unused-vars
  Line 757:9:    'runNlpClustering' is assigned a value but never used                                                                              no-unused-vars
  Line 844:6:    React Hook useEffect has missing dependencies: 'fetchStudySummary' and 'view'. Either include them or remove the dependency array  react-hooks/exhaustive-deps
  Line 846:9:    'generateResearchFigures' is assigned a value but never used                                                                       no-unused-vars
  Line 1567:27:  img elements must have an alt prop, either with meaningful text, or an empty string for decorative images                          jsx-a11y/alt-text
  Line 1571:27:  img elements must have an alt prop, either with meaningful text, or an empty string for decorative images                          jsx-a11y/alt-text
  Line 1575:27:  img elements must have an alt prop, either with meaningful text, or an empty string for decorative images                          jsx-a11y/alt-text
  Line 1579:27:  img elements must have an alt prop, either with meaningful text, or an empty string for decorative images                          jsx-a11y/alt-text

webpack compiled with 1 warning
Compiling...
Failed to compile.

[eslint] 
src\App.js
  Line 456:5:  'fetchMponelaTermsSummary' is not defined  no-undef

Search for the keywords to learn more about each error.
WARNING in [eslint] 
src\App.js
  Line 6:3:      'LineChart' is defined but never used                                                                                              no-unused-vars
  Line 21:3:     'HelpCircle' is defined but never used                                                                                             no-unused-vars
  Line 23:3:     'XCircle' is defined but never used                                                                                                no-unused-vars
  Line 28:3:     'Wrench' is defined but never used                                                                                                 no-unused-vars
  Line 29:3:     'Link2' is defined but never used                                                                                                  no-unused-vars
  Line 38:10:    'interactiveSubTab' is assigned a value but never used                                                                             no-unused-vars
  Line 38:29:    'setInteractiveSubTab' is assigned a value but never used                                                                          no-unused-vars
  Line 66:10:    'studyClusters' is assigned a value but never used                                                                                 no-unused-vars
  Line 67:10:    'studyImages' is assigned a value but never used                                                                                   no-unused-vars
  Line 72:10:    'generatingFigures' is assigned a value but never used                                                                             no-unused-vars
  Line 73:10:    'dbStatus' is assigned a value but never used                                                                                      no-unused-vars
  Line 74:10:    'refreshingDb' is assigned a value but never used                                                                                  no-unused-vars
  Line 77:25:    'setResultsSubTab' is assigned a value but never used                                                                              no-unused-vars
  Line 78:21:    'setNlpSubTab' is assigned a value but never used                                                                                  no-unused-vars
  Line 79:10:    'nlpClusters' is assigned a value but never used                                                                                   no-unused-vars
  Line 81:19:    'setAppMode' is assigned a value but never used                                                                                    no-unused-vars
  Line 83:10:    'ontologySource' is assigned a value but never used                                                                                no-unused-vars
  Line 83:26:    'setOntologySource' is assigned a value but never used                                                                             no-unused-vars
  Line 84:10:    'matrixOntologySource' is assigned a value but never used                                                                          no-unused-vars
  Line 84:32:    'setMatrixOntologySource' is assigned a value but never used                                                                       no-unused-vars
  Line 85:27:    'setAnalyticsSubTab' is assigned a value but never used                                                                            no-unused-vars
  Line 89:10:    'mponelaTermsSummary' is assigned a value but never used                                                                           no-unused-vars
  Line 89:31:    'setMponelaTermsSummary' is assigned a value but never used                                                                        no-unused-vars
  Line 90:10:    'termsSummaryLoading' is assigned a value but never used                                                                           no-unused-vars
  Line 90:31:    'setTermsSummaryLoading' is assigned a value but never used                                                                        no-unused-vars
  Line 92:10:    'nlpDendrogram' is assigned a value but never used                                                                                 no-unused-vars
  Line 93:10:    'documentStats' is assigned a value but never used                                                                                 no-unused-vars
  Line 104:10:   'documentSearch' is assigned a value but never used                                                                                no-unused-vars
  Line 104:26:   'setDocumentSearch' is assigned a value but never used                                                                             no-unused-vars
  Line 107:24:   'setDevResponses' is assigned a value but never used                                                                               no-unused-vars
  Line 152:13:   'angle' is assigned a value but never used                                                                                         no-unused-vars
  Line 299:36:   Unexpected mix of '||' and '&&'. Use parentheses to clarify the intended order of operations                                       no-mixed-operators
  Line 299:70:   Unexpected mix of '||' and '&&'. Use parentheses to clarify the intended order of operations                                       no-mixed-operators
  Line 349:9:    'DESIGN_METADATA' is assigned a value but never used                                                                               no-unused-vars
  Line 481:9:    'OPERATIONAL_CATEGORIES' is assigned a value but never used                                                                        no-unused-vars
  Line 626:9:    'fetchSemanticMapping' is assigned a value but never used                                                                          no-unused-vars
  Line 653:9:    'refreshDb' is assigned a value but never used                                                                                     no-unused-vars
  Line 738:9:    'handleSuggestionAction' is assigned a value but never used                                                                        no-unused-vars
  Line 758:9:    'runNlpClustering' is assigned a value but never used                                                                              no-unused-vars
  Line 845:6:    React Hook useEffect has missing dependencies: 'fetchStudySummary' and 'view'. Either include them or remove the dependency array  react-hooks/exhaustive-deps
  Line 847:9:    'generateResearchFigures' is assigned a value but never used                                                                       no-unused-vars
  Line 1568:27:  img elements must have an alt prop, either with meaningful text, or an empty string for decorative images                          jsx-a11y/alt-text
  Line 1572:27:  img elements must have an alt prop, either with meaningful text, or an empty string for decorative images                          jsx-a11y/alt-text
  Line 1576:27:  img elements must have an alt prop, either with meaningful text, or an empty string for decorative images                          jsx-a11y/alt-text
  Line 1580:27:  img elements must have an alt prop, either with meaningful text, or an empty string for decorative images                          jsx-a11y/alt-text

ERROR in [eslint] 
src\App.js
  Line 456:5:  'fetchMponelaTermsSummary' is not defined  no-undef

Search for the keywords to learn more about each error.

webpack compiled with 1 error and 1 warning
Compiling...
Compiled with warnings.

[eslint] 
src\App.js
  Line 6:3:      'LineChart' is defined but never used                                                                                              no-unused-vars
  Line 21:3:     'HelpCircle' is defined but never used                                                                                             no-unused-vars
  Line 23:3:     'XCircle' is defined but never used                                                                                                no-unused-vars
  Line 28:3:     'Wrench' is defined but never used                                                                                                 no-unused-vars
  Line 29:3:     'Link2' is defined but never used                                                                                                  no-unused-vars
  Line 38:10:    'interactiveSubTab' is assigned a value but never used                                                                             no-unused-vars
  Line 38:29:    'setInteractiveSubTab' is assigned a value but never used                                                                          no-unused-vars
  Line 66:10:    'studyClusters' is assigned a value but never used                                                                                 no-unused-vars
  Line 67:10:    'studyImages' is assigned a value but never used                                                                                   no-unused-vars
  Line 72:10:    'generatingFigures' is assigned a value but never used                                                                             no-unused-vars
  Line 73:10:    'dbStatus' is assigned a value but never used                                                                                      no-unused-vars
  Line 74:10:    'refreshingDb' is assigned a value but never used                                                                                  no-unused-vars
  Line 77:25:    'setResultsSubTab' is assigned a value but never used                                                                              no-unused-vars
  Line 78:21:    'setNlpSubTab' is assigned a value but never used                                                                                  no-unused-vars
  Line 79:10:    'nlpClusters' is assigned a value but never used                                                                                   no-unused-vars
  Line 81:19:    'setAppMode' is assigned a value but never used                                                                                    no-unused-vars
  Line 83:10:    'ontologySource' is assigned a value but never used                                                                                no-unused-vars
  Line 83:26:    'setOntologySource' is assigned a value but never used                                                                             no-unused-vars
  Line 84:10:    'matrixOntologySource' is assigned a value but never used                                                                          no-unused-vars
  Line 84:32:    'setMatrixOntologySource' is assigned a value but never used                                                                       no-unused-vars
  Line 85:27:    'setAnalyticsSubTab' is assigned a value but never used                                                                            no-unused-vars
  Line 89:10:    'mponelaTermsSummary' is assigned a value but never used                                                                           no-unused-vars
  Line 90:10:    'termsSummaryLoading' is assigned a value but never used                                                                           no-unused-vars
  Line 92:10:    'nlpDendrogram' is assigned a value but never used                                                                                 no-unused-vars
  Line 93:10:    'documentStats' is assigned a value but never used                                                                                 no-unused-vars
  Line 104:10:   'documentSearch' is assigned a value but never used                                                                                no-unused-vars
  Line 104:26:   'setDocumentSearch' is assigned a value but never used                                                                             no-unused-vars
  Line 107:24:   'setDevResponses' is assigned a value but never used                                                                               no-unused-vars
  Line 152:13:   'angle' is assigned a value but never used                                                                                         no-unused-vars
  Line 299:36:   Unexpected mix of '||' and '&&'. Use parentheses to clarify the intended order of operations                                       no-mixed-operators
  Line 299:70:   Unexpected mix of '||' and '&&'. Use parentheses to clarify the intended order of operations                                       no-mixed-operators
  Line 349:9:    'DESIGN_METADATA' is assigned a value but never used                                                                               no-unused-vars
  Line 481:9:    'OPERATIONAL_CATEGORIES' is assigned a value but never used                                                                        no-unused-vars
  Line 644:9:    'fetchSemanticMapping' is assigned a value but never used                                                                          no-unused-vars
  Line 671:9:    'refreshDb' is assigned a value but never used                                                                                     no-unused-vars
  Line 756:9:    'handleSuggestionAction' is assigned a value but never used                                                                        no-unused-vars
  Line 776:9:    'runNlpClustering' is assigned a value but never used                                                                              no-unused-vars
  Line 863:6:    React Hook useEffect has missing dependencies: 'fetchStudySummary' and 'view'. Either include them or remove the dependency array  react-hooks/exhaustive-deps
  Line 865:9:    'generateResearchFigures' is assigned a value but never used                                                                       no-unused-vars
  Line 1586:27:  img elements must have an alt prop, either with meaningful text, or an empty string for decorative images                          jsx-a11y/alt-text
  Line 1590:27:  img elements must have an alt prop, either with meaningful text, or an empty string for decorative images                          jsx-a11y/alt-text
  Line 1594:27:  img elements must have an alt prop, either with meaningful text, or an empty string for decorative images                          jsx-a11y/alt-text
  Line 1598:27:  img elements must have an alt prop, either with meaningful text, or an empty string for decorative images                          jsx-a11y/alt-text

Search for the keywords to learn more about each warning.
To ignore, add // eslint-disable-next-line to the line before.

WARNING in [eslint] 
src\App.js
  Line 6:3:      'LineChart' is defined but never used                                                                                              no-unused-vars
  Line 21:3:     'HelpCircle' is defined but never used                                                                                             no-unused-vars
  Line 23:3:     'XCircle' is defined but never used                                                                                                no-unused-vars
  Line 28:3:     'Wrench' is defined but never used                                                                                                 no-unused-vars
  Line 29:3:     'Link2' is defined but never used                                                                                                  no-unused-vars
  Line 38:10:    'interactiveSubTab' is assigned a value but never used                                                                             no-unused-vars
  Line 38:29:    'setInteractiveSubTab' is assigned a value but never used                                                                          no-unused-vars
  Line 66:10:    'studyClusters' is assigned a value but never used                                                                                 no-unused-vars
  Line 67:10:    'studyImages' is assigned a value but never used                                                                                   no-unused-vars
  Line 72:10:    'generatingFigures' is assigned a value but never used                                                                             no-unused-vars
  Line 73:10:    'dbStatus' is assigned a value but never used                                                                                      no-unused-vars
  Line 74:10:    'refreshingDb' is assigned a value but never used                                                                                  no-unused-vars
  Line 77:25:    'setResultsSubTab' is assigned a value but never used                                                                              no-unused-vars
  Line 78:21:    'setNlpSubTab' is assigned a value but never used                                                                                  no-unused-vars
  Line 79:10:    'nlpClusters' is assigned a value but never used                                                                                   no-unused-vars
  Line 81:19:    'setAppMode' is assigned a value but never used                                                                                    no-unused-vars
  Line 83:10:    'ontologySource' is assigned a value but never used                                                                                no-unused-vars
  Line 83:26:    'setOntologySource' is assigned a value but never used                                                                             no-unused-vars
  Line 84:10:    'matrixOntologySource' is assigned a value but never used                                                                          no-unused-vars
  Line 84:32:    'setMatrixOntologySource' is assigned a value but never used                                                                       no-unused-vars
  Line 85:27:    'setAnalyticsSubTab' is assigned a value but never used                                                                            no-unused-vars
  Line 89:10:    'mponelaTermsSummary' is assigned a value but never used                                                                           no-unused-vars
  Line 90:10:    'termsSummaryLoading' is assigned a value but never used                                                                           no-unused-vars
  Line 92:10:    'nlpDendrogram' is assigned a value but never used                                                                                 no-unused-vars
  Line 93:10:    'documentStats' is assigned a value but never used                                                                                 no-unused-vars
  Line 104:10:   'documentSearch' is assigned a value but never used                                                                                no-unused-vars
  Line 104:26:   'setDocumentSearch' is assigned a value but never used                                                                             no-unused-vars
  Line 107:24:   'setDevResponses' is assigned a value but never used                                                                               no-unused-vars
  Line 152:13:   'angle' is assigned a value but never used                                                                                         no-unused-vars
  Line 299:36:   Unexpected mix of '||' and '&&'. Use parentheses to clarify the intended order of operations                                       no-mixed-operators
  Line 299:70:   Unexpected mix of '||' and '&&'. Use parentheses to clarify the intended order of operations                                       no-mixed-operators
  Line 349:9:    'DESIGN_METADATA' is assigned a value but never used                                                                               no-unused-vars
  Line 481:9:    'OPERATIONAL_CATEGORIES' is assigned a value but never used                                                                        no-unused-vars
  Line 644:9:    'fetchSemanticMapping' is assigned a value but never used                                                                          no-unused-vars
  Line 671:9:    'refreshDb' is assigned a value but never used                                                                                     no-unused-vars
  Line 756:9:    'handleSuggestionAction' is assigned a value but never used                                                                        no-unused-vars
  Line 776:9:    'runNlpClustering' is assigned a value but never used                                                                              no-unused-vars
  Line 863:6:    React Hook useEffect has missing dependencies: 'fetchStudySummary' and 'view'. Either include them or remove the dependency array  react-hooks/exhaustive-deps
  Line 865:9:    'generateResearchFigures' is assigned a value but never used                                                                       no-unused-vars
  Line 1586:27:  img elements must have an alt prop, either with meaningful text, or an empty string for decorative images                          jsx-a11y/alt-text
  Line 1590:27:  img elements must have an alt prop, either with meaningful text, or an empty string for decorative images                          jsx-a11y/alt-text
  Line 1594:27:  img elements must have an alt prop, either with meaningful text, or an empty string for decorative images                          jsx-a11y/alt-text
  Line 1598:27:  img elements must have an alt prop, either with meaningful text, or an empty string for decorative images                          jsx-a11y/alt-text

webpack compiled with 1 warning
Compiling...
Compiled with warnings.

[eslint] 
src\App.js
  Line 6:3:      'LineChart' is defined but never used                                                                                              no-unused-vars
  Line 21:3:     'HelpCircle' is defined but never used                                                                                             no-unused-vars
  Line 23:3:     'XCircle' is defined but never used                                                                                                no-unused-vars
  Line 28:3:     'Wrench' is defined but never used                                                                                                 no-unused-vars
  Line 29:3:     'Link2' is defined but never used                                                                                                  no-unused-vars
  Line 38:10:    'interactiveSubTab' is assigned a value but never used                                                                             no-unused-vars
  Line 38:29:    'setInteractiveSubTab' is assigned a value but never used                                                                          no-unused-vars
  Line 66:10:    'studyClusters' is assigned a value but never used                                                                                 no-unused-vars
  Line 67:10:    'studyImages' is assigned a value but never used                                                                                   no-unused-vars
  Line 72:10:    'generatingFigures' is assigned a value but never used                                                                             no-unused-vars
  Line 73:10:    'dbStatus' is assigned a value but never used                                                                                      no-unused-vars
  Line 74:10:    'refreshingDb' is assigned a value but never used                                                                                  no-unused-vars
  Line 77:25:    'setResultsSubTab' is assigned a value but never used                                                                              no-unused-vars
  Line 78:21:    'setNlpSubTab' is assigned a value but never used                                                                                  no-unused-vars
  Line 79:10:    'nlpClusters' is assigned a value but never used                                                                                   no-unused-vars
  Line 81:19:    'setAppMode' is assigned a value but never used                                                                                    no-unused-vars
  Line 83:10:    'ontologySource' is assigned a value but never used                                                                                no-unused-vars
  Line 83:26:    'setOntologySource' is assigned a value but never used                                                                             no-unused-vars
  Line 84:10:    'matrixOntologySource' is assigned a value but never used                                                                          no-unused-vars
  Line 84:32:    'setMatrixOntologySource' is assigned a value but never used                                                                       no-unused-vars
  Line 85:27:    'setAnalyticsSubTab' is assigned a value but never used                                                                            no-unused-vars
  Line 89:10:    'mponelaTermsSummary' is assigned a value but never used                                                                           no-unused-vars
  Line 90:10:    'termsSummaryLoading' is assigned a value but never used                                                                           no-unused-vars
  Line 92:10:    'nlpDendrogram' is assigned a value but never used                                                                                 no-unused-vars
  Line 93:10:    'documentStats' is assigned a value but never used                                                                                 no-unused-vars
  Line 104:10:   'documentSearch' is assigned a value but never used                                                                                no-unused-vars
  Line 104:26:   'setDocumentSearch' is assigned a value but never used                                                                             no-unused-vars
  Line 107:24:   'setDevResponses' is assigned a value but never used                                                                               no-unused-vars
  Line 152:13:   'angle' is assigned a value but never used                                                                                         no-unused-vars
  Line 299:36:   Unexpected mix of '||' and '&&'. Use parentheses to clarify the intended order of operations                                       no-mixed-operators
  Line 299:70:   Unexpected mix of '||' and '&&'. Use parentheses to clarify the intended order of operations                                       no-mixed-operators
  Line 349:9:    'DESIGN_METADATA' is assigned a value but never used                                                                               no-unused-vars
  Line 481:9:    'OPERATIONAL_CATEGORIES' is assigned a value but never used                                                                        no-unused-vars
  Line 644:9:    'fetchSemanticMapping' is assigned a value but never used                                                                          no-unused-vars
  Line 671:9:    'refreshDb' is assigned a value but never used                                                                                     no-unused-vars
  Line 756:9:    'handleSuggestionAction' is assigned a value but never used                                                                        no-unused-vars
  Line 776:9:    'runNlpClustering' is assigned a value but never used                                                                              no-unused-vars
  Line 863:6:    React Hook useEffect has missing dependencies: 'fetchStudySummary' and 'view'. Either include them or remove the dependency array  react-hooks/exhaustive-deps
  Line 865:9:    'generateResearchFigures' is assigned a value but never used                                                                       no-unused-vars
  Line 1592:27:  img elements must have an alt prop, either with meaningful text, or an empty string for decorative images                          jsx-a11y/alt-text
  Line 1596:27:  img elements must have an alt prop, either with meaningful text, or an empty string for decorative images                          jsx-a11y/alt-text
  Line 1600:27:  img elements must have an alt prop, either with meaningful text, or an empty string for decorative images                          jsx-a11y/alt-text
  Line 1604:27:  img elements must have an alt prop, either with meaningful text, or an empty string for decorative images                          jsx-a11y/alt-text

Search for the keywords to learn more about each warning.
To ignore, add // eslint-disable-next-line to the line before.

WARNING in [eslint] 
src\App.js
  Line 6:3:      'LineChart' is defined but never used                                                                                              no-unused-vars
  Line 21:3:     'HelpCircle' is defined but never used                                                                                             no-unused-vars
  Line 23:3:     'XCircle' is defined but never used                                                                                                no-unused-vars
  Line 28:3:     'Wrench' is defined but never used                                                                                                 no-unused-vars
  Line 29:3:     'Link2' is defined but never used                                                                                                  no-unused-vars
  Line 38:10:    'interactiveSubTab' is assigned a value but never used                                                                             no-unused-vars
  Line 38:29:    'setInteractiveSubTab' is assigned a value but never used                                                                          no-unused-vars
  Line 66:10:    'studyClusters' is assigned a value but never used                                                                                 no-unused-vars
  Line 67:10:    'studyImages' is assigned a value but never used                                                                                   no-unused-vars
  Line 72:10:    'generatingFigures' is assigned a value but never used                                                                             no-unused-vars
  Line 73:10:    'dbStatus' is assigned a value but never used                                                                                      no-unused-vars
  Line 74:10:    'refreshingDb' is assigned a value but never used                                                                                  no-unused-vars
  Line 77:25:    'setResultsSubTab' is assigned a value but never used                                                                              no-unused-vars
  Line 78:21:    'setNlpSubTab' is assigned a value but never used                                                                                  no-unused-vars
  Line 79:10:    'nlpClusters' is assigned a value but never used                                                                                   no-unused-vars
  Line 81:19:    'setAppMode' is assigned a value but never used                                                                                    no-unused-vars
  Line 83:10:    'ontologySource' is assigned a value but never used                                                                                no-unused-vars
  Line 83:26:    'setOntologySource' is assigned a value but never used                                                                             no-unused-vars
  Line 84:10:    'matrixOntologySource' is assigned a value but never used                                                                          no-unused-vars
  Line 84:32:    'setMatrixOntologySource' is assigned a value but never used                                                                       no-unused-vars
  Line 85:27:    'setAnalyticsSubTab' is assigned a value but never used                                                                            no-unused-vars
  Line 89:10:    'mponelaTermsSummary' is assigned a value but never used                                                                           no-unused-vars
  Line 90:10:    'termsSummaryLoading' is assigned a value but never used                                                                           no-unused-vars
  Line 92:10:    'nlpDendrogram' is assigned a value but never used                                                                                 no-unused-vars
  Line 93:10:    'documentStats' is assigned a value but never used                                                                                 no-unused-vars
  Line 104:10:   'documentSearch' is assigned a value but never used                                                                                no-unused-vars
  Line 104:26:   'setDocumentSearch' is assigned a value but never used                                                                             no-unused-vars
  Line 107:24:   'setDevResponses' is assigned a value but never used                                                                               no-unused-vars
  Line 152:13:   'angle' is assigned a value but never used                                                                                         no-unused-vars
  Line 299:36:   Unexpected mix of '||' and '&&'. Use parentheses to clarify the intended order of operations                                       no-mixed-operators
  Line 299:70:   Unexpected mix of '||' and '&&'. Use parentheses to clarify the intended order of operations                                       no-mixed-operators
  Line 349:9:    'DESIGN_METADATA' is assigned a value but never used                                                                               no-unused-vars
  Line 481:9:    'OPERATIONAL_CATEGORIES' is assigned a value but never used                                                                        no-unused-vars
  Line 644:9:    'fetchSemanticMapping' is assigned a value but never used                                                                          no-unused-vars
  Line 671:9:    'refreshDb' is assigned a value but never used                                                                                     no-unused-vars
  Line 756:9:    'handleSuggestionAction' is assigned a value but never used                                                                        no-unused-vars
  Line 776:9:    'runNlpClustering' is assigned a value but never used                                                                              no-unused-vars
  Line 863:6:    React Hook useEffect has missing dependencies: 'fetchStudySummary' and 'view'. Either include them or remove the dependency array  react-hooks/exhaustive-deps
  Line 865:9:    'generateResearchFigures' is assigned a value but never used                                                                       no-unused-vars
  Line 1592:27:  img elements must have an alt prop, either with meaningful text, or an empty string for decorative images                          jsx-a11y/alt-text
  Line 1596:27:  img elements must have an alt prop, either with meaningful text, or an empty string for decorative images                          jsx-a11y/alt-text
  Line 1600:27:  img elements must have an alt prop, either with meaningful text, or an empty string for decorative images                          jsx-a11y/alt-text
  Line 1604:27:  img elements must have an alt prop, either with meaningful text, or an empty string for decorative images                          jsx-a11y/alt-text

webpack compiled with 1 warning
Compiling...
Compiled with warnings.

[eslint] 
src\App.js
  Line 6:3:      'LineChart' is defined but never used                                                                                              no-unused-vars
  Line 21:3:     'HelpCircle' is defined but never used                                                                                             no-unused-vars
  Line 23:3:     'XCircle' is defined but never used                                                                                                no-unused-vars
  Line 28:3:     'Wrench' is defined but never used                                                                                                 no-unused-vars
  Line 29:3:     'Link2' is defined but never used                                                                                                  no-unused-vars
  Line 38:10:    'interactiveSubTab' is assigned a value but never used                                                                             no-unused-vars
  Line 38:29:    'setInteractiveSubTab' is assigned a value but never used                                                                          no-unused-vars
  Line 66:10:    'studyClusters' is assigned a value but never used                                                                                 no-unused-vars
  Line 67:10:    'studyImages' is assigned a value but never used                                                                                   no-unused-vars
  Line 72:10:    'generatingFigures' is assigned a value but never used                                                                             no-unused-vars
  Line 73:10:    'dbStatus' is assigned a value but never used                                                                                      no-unused-vars
  Line 74:10:    'refreshingDb' is assigned a value but never used                                                                                  no-unused-vars
  Line 77:25:    'setResultsSubTab' is assigned a value but never used                                                                              no-unused-vars
  Line 78:21:    'setNlpSubTab' is assigned a value but never used                                                                                  no-unused-vars
  Line 79:10:    'nlpClusters' is assigned a value but never used                                                                                   no-unused-vars
  Line 81:19:    'setAppMode' is assigned a value but never used                                                                                    no-unused-vars
  Line 83:10:    'ontologySource' is assigned a value but never used                                                                                no-unused-vars
  Line 83:26:    'setOntologySource' is assigned a value but never used                                                                             no-unused-vars
  Line 84:10:    'matrixOntologySource' is assigned a value but never used                                                                          no-unused-vars
  Line 84:32:    'setMatrixOntologySource' is assigned a value but never used                                                                       no-unused-vars
  Line 85:27:    'setAnalyticsSubTab' is assigned a value but never used                                                                            no-unused-vars
  Line 92:10:    'nlpDendrogram' is assigned a value but never used                                                                                 no-unused-vars
  Line 93:10:    'documentStats' is assigned a value but never used                                                                                 no-unused-vars
  Line 104:10:   'documentSearch' is assigned a value but never used                                                                                no-unused-vars
  Line 104:26:   'setDocumentSearch' is assigned a value but never used                                                                             no-unused-vars
  Line 107:24:   'setDevResponses' is assigned a value but never used                                                                               no-unused-vars
  Line 152:13:   'angle' is assigned a value but never used                                                                                         no-unused-vars
  Line 299:36:   Unexpected mix of '||' and '&&'. Use parentheses to clarify the intended order of operations                                       no-mixed-operators
  Line 299:70:   Unexpected mix of '||' and '&&'. Use parentheses to clarify the intended order of operations                                       no-mixed-operators
  Line 349:9:    'DESIGN_METADATA' is assigned a value but never used                                                                               no-unused-vars
  Line 481:9:    'OPERATIONAL_CATEGORIES' is assigned a value but never used                                                                        no-unused-vars
  Line 545:9:    'renderMponelaTermsSummaryTable' is assigned a value but never used                                                                no-unused-vars
  Line 701:9:    'fetchSemanticMapping' is assigned a value but never used                                                                          no-unused-vars
  Line 728:9:    'refreshDb' is assigned a value but never used                                                                                     no-unused-vars
  Line 813:9:    'handleSuggestionAction' is assigned a value but never used                                                                        no-unused-vars
  Line 833:9:    'runNlpClustering' is assigned a value but never used                                                                              no-unused-vars
  Line 920:6:    React Hook useEffect has missing dependencies: 'fetchStudySummary' and 'view'. Either include them or remove the dependency array  react-hooks/exhaustive-deps
  Line 922:9:    'generateResearchFigures' is assigned a value but never used                                                                       no-unused-vars
  Line 1649:27:  img elements must have an alt prop, either with meaningful text, or an empty string for decorative images                          jsx-a11y/alt-text
  Line 1653:27:  img elements must have an alt prop, either with meaningful text, or an empty string for decorative images                          jsx-a11y/alt-text
  Line 1657:27:  img elements must have an alt prop, either with meaningful text, or an empty string for decorative images                          jsx-a11y/alt-text
  Line 1661:27:  img elements must have an alt prop, either with meaningful text, or an empty string for decorative images                          jsx-a11y/alt-text

Search for the keywords to learn more about each warning.
To ignore, add // eslint-disable-next-line to the line before.

WARNING in [eslint] 
src\App.js
  Line 6:3:      'LineChart' is defined but never used                                                                                              no-unused-vars
  Line 21:3:     'HelpCircle' is defined but never used                                                                                             no-unused-vars
  Line 23:3:     'XCircle' is defined but never used                                                                                                no-unused-vars
  Line 28:3:     'Wrench' is defined but never used                                                                                                 no-unused-vars
  Line 29:3:     'Link2' is defined but never used                                                                                                  no-unused-vars
  Line 38:10:    'interactiveSubTab' is assigned a value but never used                                                                             no-unused-vars
  Line 38:29:    'setInteractiveSubTab' is assigned a value but never used                                                                          no-unused-vars
  Line 66:10:    'studyClusters' is assigned a value but never used                                                                                 no-unused-vars
  Line 67:10:    'studyImages' is assigned a value but never used                                                                                   no-unused-vars
  Line 72:10:    'generatingFigures' is assigned a value but never used                                                                             no-unused-vars
  Line 73:10:    'dbStatus' is assigned a value but never used                                                                                      no-unused-vars
  Line 74:10:    'refreshingDb' is assigned a value but never used                                                                                  no-unused-vars
  Line 77:25:    'setResultsSubTab' is assigned a value but never used                                                                              no-unused-vars
  Line 78:21:    'setNlpSubTab' is assigned a value but never used                                                                                  no-unused-vars
  Line 79:10:    'nlpClusters' is assigned a value but never used                                                                                   no-unused-vars
  Line 81:19:    'setAppMode' is assigned a value but never used                                                                                    no-unused-vars
  Line 83:10:    'ontologySource' is assigned a value but never used                                                                                no-unused-vars
  Line 83:26:    'setOntologySource' is assigned a value but never used                                                                             no-unused-vars
  Line 84:10:    'matrixOntologySource' is assigned a value but never used                                                                          no-unused-vars
  Line 84:32:    'setMatrixOntologySource' is assigned a value but never used                                                                       no-unused-vars
  Line 85:27:    'setAnalyticsSubTab' is assigned a value but never used                                                                            no-unused-vars
  Line 92:10:    'nlpDendrogram' is assigned a value but never used                                                                                 no-unused-vars
  Line 93:10:    'documentStats' is assigned a value but never used                                                                                 no-unused-vars
  Line 104:10:   'documentSearch' is assigned a value but never used                                                                                no-unused-vars
  Line 104:26:   'setDocumentSearch' is assigned a value but never used                                                                             no-unused-vars
  Line 107:24:   'setDevResponses' is assigned a value but never used                                                                               no-unused-vars
  Line 152:13:   'angle' is assigned a value but never used                                                                                         no-unused-vars
  Line 299:36:   Unexpected mix of '||' and '&&'. Use parentheses to clarify the intended order of operations                                       no-mixed-operators
  Line 299:70:   Unexpected mix of '||' and '&&'. Use parentheses to clarify the intended order of operations                                       no-mixed-operators
  Line 349:9:    'DESIGN_METADATA' is assigned a value but never used                                                                               no-unused-vars
  Line 481:9:    'OPERATIONAL_CATEGORIES' is assigned a value but never used                                                                        no-unused-vars
  Line 545:9:    'renderMponelaTermsSummaryTable' is assigned a value but never used                                                                no-unused-vars
  Line 701:9:    'fetchSemanticMapping' is assigned a value but never used                                                                          no-unused-vars
  Line 728:9:    'refreshDb' is assigned a value but never used                                                                                     no-unused-vars
  Line 813:9:    'handleSuggestionAction' is assigned a value but never used                                                                        no-unused-vars
  Line 833:9:    'runNlpClustering' is assigned a value but never used                                                                              no-unused-vars
  Line 920:6:    React Hook useEffect has missing dependencies: 'fetchStudySummary' and 'view'. Either include them or remove the dependency array  react-hooks/exhaustive-deps
  Line 922:9:    'generateResearchFigures' is assigned a value but never used                                                                       no-unused-vars
  Line 1649:27:  img elements must have an alt prop, either with meaningful text, or an empty string for decorative images                          jsx-a11y/alt-text
  Line 1653:27:  img elements must have an alt prop, either with meaningful text, or an empty string for decorative images                          jsx-a11y/alt-text
  Line 1657:27:  img elements must have an alt prop, either with meaningful text, or an empty string for decorative images                          jsx-a11y/alt-text
  Line 1661:27:  img elements must have an alt prop, either with meaningful text, or an empty string for decorative images                          jsx-a11y/alt-text

webpack compiled with 1 warning
Compiling...
Compiled with warnings.

[eslint] 
src\App.js
  Line 6:3:      'LineChart' is defined but never used                                                                                              no-unused-vars
  Line 21:3:     'HelpCircle' is defined but never used                                                                                             no-unused-vars
  Line 23:3:     'XCircle' is defined but never used                                                                                                no-unused-vars
  Line 28:3:     'Wrench' is defined but never used                                                                                                 no-unused-vars
  Line 29:3:     'Link2' is defined but never used                                                                                                  no-unused-vars
  Line 38:10:    'interactiveSubTab' is assigned a value but never used                                                                             no-unused-vars
  Line 38:29:    'setInteractiveSubTab' is assigned a value but never used                                                                          no-unused-vars
  Line 66:10:    'studyClusters' is assigned a value but never used                                                                                 no-unused-vars
  Line 67:10:    'studyImages' is assigned a value but never used                                                                                   no-unused-vars
  Line 72:10:    'generatingFigures' is assigned a value but never used                                                                             no-unused-vars
  Line 73:10:    'dbStatus' is assigned a value but never used                                                                                      no-unused-vars
  Line 74:10:    'refreshingDb' is assigned a value but never used                                                                                  no-unused-vars
  Line 77:25:    'setResultsSubTab' is assigned a value but never used                                                                              no-unused-vars
  Line 78:21:    'setNlpSubTab' is assigned a value but never used                                                                                  no-unused-vars
  Line 79:10:    'nlpClusters' is assigned a value but never used                                                                                   no-unused-vars
  Line 81:19:    'setAppMode' is assigned a value but never used                                                                                    no-unused-vars
  Line 83:10:    'ontologySource' is assigned a value but never used                                                                                no-unused-vars
  Line 83:26:    'setOntologySource' is assigned a value but never used                                                                             no-unused-vars
  Line 84:10:    'matrixOntologySource' is assigned a value but never used                                                                          no-unused-vars
  Line 84:32:    'setMatrixOntologySource' is assigned a value but never used                                                                       no-unused-vars
  Line 85:27:    'setAnalyticsSubTab' is assigned a value but never used                                                                            no-unused-vars
  Line 92:10:    'nlpDendrogram' is assigned a value but never used                                                                                 no-unused-vars
  Line 93:10:    'documentStats' is assigned a value but never used                                                                                 no-unused-vars
  Line 104:10:   'documentSearch' is assigned a value but never used                                                                                no-unused-vars
  Line 104:26:   'setDocumentSearch' is assigned a value but never used                                                                             no-unused-vars
  Line 107:24:   'setDevResponses' is assigned a value but never used                                                                               no-unused-vars
  Line 152:13:   'angle' is assigned a value but never used                                                                                         no-unused-vars
  Line 299:36:   Unexpected mix of '||' and '&&'. Use parentheses to clarify the intended order of operations                                       no-mixed-operators
  Line 299:70:   Unexpected mix of '||' and '&&'. Use parentheses to clarify the intended order of operations                                       no-mixed-operators
  Line 349:9:    'DESIGN_METADATA' is assigned a value but never used                                                                               no-unused-vars
  Line 481:9:    'OPERATIONAL_CATEGORIES' is assigned a value but never used                                                                        no-unused-vars
  Line 701:9:    'fetchSemanticMapping' is assigned a value but never used                                                                          no-unused-vars
  Line 728:9:    'refreshDb' is assigned a value but never used                                                                                     no-unused-vars
  Line 813:9:    'handleSuggestionAction' is assigned a value but never used                                                                        no-unused-vars
  Line 833:9:    'runNlpClustering' is assigned a value but never used                                                                              no-unused-vars
  Line 920:6:    React Hook useEffect has missing dependencies: 'fetchStudySummary' and 'view'. Either include them or remove the dependency array  react-hooks/exhaustive-deps
  Line 922:9:    'generateResearchFigures' is assigned a value but never used                                                                       no-unused-vars
  Line 1651:27:  img elements must have an alt prop, either with meaningful text, or an empty string for decorative images                          jsx-a11y/alt-text
  Line 1655:27:  img elements must have an alt prop, either with meaningful text, or an empty string for decorative images                          jsx-a11y/alt-text
  Line 1659:27:  img elements must have an alt prop, either with meaningful text, or an empty string for decorative images                          jsx-a11y/alt-text
  Line 1663:27:  img elements must have an alt prop, either with meaningful text, or an empty string for decorative images                          jsx-a11y/alt-text

Search for the keywords to learn more about each warning.
To ignore, add // eslint-disable-next-line to the line before.

WARNING in [eslint] 
src\App.js
  Line 6:3:      'LineChart' is defined but never used                                                                                              no-unused-vars
  Line 21:3:     'HelpCircle' is defined but never used                                                                                             no-unused-vars
  Line 23:3:     'XCircle' is defined but never used                                                                                                no-unused-vars
  Line 28:3:     'Wrench' is defined but never used                                                                                                 no-unused-vars
  Line 29:3:     'Link2' is defined but never used                                                                                                  no-unused-vars
  Line 38:10:    'interactiveSubTab' is assigned a value but never used                                                                             no-unused-vars
  Line 38:29:    'setInteractiveSubTab' is assigned a value but never used                                                                          no-unused-vars
  Line 66:10:    'studyClusters' is assigned a value but never used                                                                                 no-unused-vars
  Line 67:10:    'studyImages' is assigned a value but never used                                                                                   no-unused-vars
  Line 72:10:    'generatingFigures' is assigned a value but never used                                                                             no-unused-vars
  Line 73:10:    'dbStatus' is assigned a value but never used                                                                                      no-unused-vars
  Line 74:10:    'refreshingDb' is assigned a value but never used                                                                                  no-unused-vars
  Line 77:25:    'setResultsSubTab' is assigned a value but never used                                                                              no-unused-vars
  Line 78:21:    'setNlpSubTab' is assigned a value but never used                                                                                  no-unused-vars
  Line 79:10:    'nlpClusters' is assigned a value but never used                                                                                   no-unused-vars
  Line 81:19:    'setAppMode' is assigned a value but never used                                                                                    no-unused-vars
  Line 83:10:    'ontologySource' is assigned a value but never used                                                                                no-unused-vars
  Line 83:26:    'setOntologySource' is assigned a value but never used                                                                             no-unused-vars
  Line 84:10:    'matrixOntologySource' is assigned a value but never used                                                                          no-unused-vars
  Line 84:32:    'setMatrixOntologySource' is assigned a value but never used                                                                       no-unused-vars
  Line 85:27:    'setAnalyticsSubTab' is assigned a value but never used                                                                            no-unused-vars
  Line 92:10:    'nlpDendrogram' is assigned a value but never used                                                                                 no-unused-vars
  Line 93:10:    'documentStats' is assigned a value but never used                                                                                 no-unused-vars
  Line 104:10:   'documentSearch' is assigned a value but never used                                                                                no-unused-vars
  Line 104:26:   'setDocumentSearch' is assigned a value but never used                                                                             no-unused-vars
  Line 107:24:   'setDevResponses' is assigned a value but never used                                                                               no-unused-vars
  Line 152:13:   'angle' is assigned a value but never used                                                                                         no-unused-vars
  Line 299:36:   Unexpected mix of '||' and '&&'. Use parentheses to clarify the intended order of operations                                       no-mixed-operators
  Line 299:70:   Unexpected mix of '||' and '&&'. Use parentheses to clarify the intended order of operations                                       no-mixed-operators
  Line 349:9:    'DESIGN_METADATA' is assigned a value but never used                                                                               no-unused-vars
  Line 481:9:    'OPERATIONAL_CATEGORIES' is assigned a value but never used                                                                        no-unused-vars
  Line 701:9:    'fetchSemanticMapping' is assigned a value but never used                                                                          no-unused-vars
  Line 728:9:    'refreshDb' is assigned a value but never used                                                                                     no-unused-vars
  Line 813:9:    'handleSuggestionAction' is assigned a value but never used                                                                        no-unused-vars
  Line 833:9:    'runNlpClustering' is assigned a value but never used                                                                              no-unused-vars
  Line 920:6:    React Hook useEffect has missing dependencies: 'fetchStudySummary' and 'view'. Either include them or remove the dependency array  react-hooks/exhaustive-deps
  Line 922:9:    'generateResearchFigures' is assigned a value but never used                                                                       no-unused-vars
  Line 1651:27:  img elements must have an alt prop, either with meaningful text, or an empty string for decorative images                          jsx-a11y/alt-text
  Line 1655:27:  img elements must have an alt prop, either with meaningful text, or an empty string for decorative images                          jsx-a11y/alt-text
  Line 1659:27:  img elements must have an alt prop, either with meaningful text, or an empty string for decorative images                          jsx-a11y/alt-text
  Line 1663:27:  img elements must have an alt prop, either with meaningful text, or an empty string for decorative images                          jsx-a11y/alt-text

webpack compiled with 1 warning
Compiling...
Compiled with warnings.

[eslint] 
src\App.js
  Line 6:3:      'LineChart' is defined but never used                                                                                              no-unused-vars
  Line 21:3:     'HelpCircle' is defined but never used                                                                                             no-unused-vars
  Line 23:3:     'XCircle' is defined but never used                                                                                                no-unused-vars
  Line 28:3:     'Wrench' is defined but never used                                                                                                 no-unused-vars
  Line 29:3:     'Link2' is defined but never used                                                                                                  no-unused-vars
  Line 38:10:    'interactiveSubTab' is assigned a value but never used                                                                             no-unused-vars
  Line 38:29:    'setInteractiveSubTab' is assigned a value but never used                                                                          no-unused-vars
  Line 66:10:    'studyClusters' is assigned a value but never used                                                                                 no-unused-vars
  Line 67:10:    'studyImages' is assigned a value but never used                                                                                   no-unused-vars
  Line 72:10:    'generatingFigures' is assigned a value but never used                                                                             no-unused-vars
  Line 73:10:    'dbStatus' is assigned a value but never used                                                                                      no-unused-vars
  Line 74:10:    'refreshingDb' is assigned a value but never used                                                                                  no-unused-vars
  Line 77:25:    'setResultsSubTab' is assigned a value but never used                                                                              no-unused-vars
  Line 78:21:    'setNlpSubTab' is assigned a value but never used                                                                                  no-unused-vars
  Line 79:10:    'nlpClusters' is assigned a value but never used                                                                                   no-unused-vars
  Line 81:19:    'setAppMode' is assigned a value but never used                                                                                    no-unused-vars
  Line 83:10:    'ontologySource' is assigned a value but never used                                                                                no-unused-vars
  Line 83:26:    'setOntologySource' is assigned a value but never used                                                                             no-unused-vars
  Line 84:10:    'matrixOntologySource' is assigned a value but never used                                                                          no-unused-vars
  Line 84:32:    'setMatrixOntologySource' is assigned a value but never used                                                                       no-unused-vars
  Line 85:27:    'setAnalyticsSubTab' is assigned a value but never used                                                                            no-unused-vars
  Line 92:10:    'nlpDendrogram' is assigned a value but never used                                                                                 no-unused-vars
  Line 93:10:    'documentStats' is assigned a value but never used                                                                                 no-unused-vars
  Line 104:10:   'documentSearch' is assigned a value but never used                                                                                no-unused-vars
  Line 104:26:   'setDocumentSearch' is assigned a value but never used                                                                             no-unused-vars
  Line 107:24:   'setDevResponses' is assigned a value but never used                                                                               no-unused-vars
  Line 152:13:   'angle' is assigned a value but never used                                                                                         no-unused-vars
  Line 299:36:   Unexpected mix of '||' and '&&'. Use parentheses to clarify the intended order of operations                                       no-mixed-operators
  Line 299:70:   Unexpected mix of '||' and '&&'. Use parentheses to clarify the intended order of operations                                       no-mixed-operators
  Line 349:9:    'DESIGN_METADATA' is assigned a value but never used                                                                               no-unused-vars
  Line 481:9:    'OPERATIONAL_CATEGORIES' is assigned a value but never used                                                                        no-unused-vars
  Line 701:9:    'fetchSemanticMapping' is assigned a value but never used                                                                          no-unused-vars
  Line 728:9:    'refreshDb' is assigned a value but never used                                                                                     no-unused-vars
  Line 813:9:    'handleSuggestionAction' is assigned a value but never used                                                                        no-unused-vars
  Line 833:9:    'runNlpClustering' is assigned a value but never used                                                                              no-unused-vars
  Line 920:6:    React Hook useEffect has missing dependencies: 'fetchStudySummary' and 'view'. Either include them or remove the dependency array  react-hooks/exhaustive-deps
  Line 922:9:    'generateResearchFigures' is assigned a value but never used                                                                       no-unused-vars
  Line 1652:27:  img elements must have an alt prop, either with meaningful text, or an empty string for decorative images                          jsx-a11y/alt-text
  Line 1656:27:  img elements must have an alt prop, either with meaningful text, or an empty string for decorative images                          jsx-a11y/alt-text
  Line 1660:27:  img elements must have an alt prop, either with meaningful text, or an empty string for decorative images                          jsx-a11y/alt-text
  Line 1664:27:  img elements must have an alt prop, either with meaningful text, or an empty string for decorative images                          jsx-a11y/alt-text

Search for the keywords to learn more about each warning.
To ignore, add // eslint-disable-next-line to the line before.

WARNING in [eslint] 
src\App.js
  Line 6:3:      'LineChart' is defined but never used                                                                                              no-unused-vars
  Line 21:3:     'HelpCircle' is defined but never used                                                                                             no-unused-vars
  Line 23:3:     'XCircle' is defined but never used                                                                                                no-unused-vars
  Line 28:3:     'Wrench' is defined but never used                                                                                                 no-unused-vars
  Line 29:3:     'Link2' is defined but never used                                                                                                  no-unused-vars
  Line 38:10:    'interactiveSubTab' is assigned a value but never used                                                                             no-unused-vars
  Line 38:29:    'setInteractiveSubTab' is assigned a value but never used                                                                          no-unused-vars
  Line 66:10:    'studyClusters' is assigned a value but never used                                                                                 no-unused-vars
  Line 67:10:    'studyImages' is assigned a value but never used                                                                                   no-unused-vars
  Line 72:10:    'generatingFigures' is assigned a value but never used                                                                             no-unused-vars
  Line 73:10:    'dbStatus' is assigned a value but never used                                                                                      no-unused-vars
  Line 74:10:    'refreshingDb' is assigned a value but never used                                                                                  no-unused-vars
  Line 77:25:    'setResultsSubTab' is assigned a value but never used                                                                              no-unused-vars
  Line 78:21:    'setNlpSubTab' is assigned a value but never used                                                                                  no-unused-vars
  Line 79:10:    'nlpClusters' is assigned a value but never used                                                                                   no-unused-vars
  Line 81:19:    'setAppMode' is assigned a value but never used                                                                                    no-unused-vars
  Line 83:10:    'ontologySource' is assigned a value but never used                                                                                no-unused-vars
  Line 83:26:    'setOntologySource' is assigned a value but never used                                                                             no-unused-vars
  Line 84:10:    'matrixOntologySource' is assigned a value but never used                                                                          no-unused-vars
  Line 84:32:    'setMatrixOntologySource' is assigned a value but never used                                                                       no-unused-vars
  Line 85:27:    'setAnalyticsSubTab' is assigned a value but never used                                                                            no-unused-vars
  Line 92:10:    'nlpDendrogram' is assigned a value but never used                                                                                 no-unused-vars
  Line 93:10:    'documentStats' is assigned a value but never used                                                                                 no-unused-vars
  Line 104:10:   'documentSearch' is assigned a value but never used                                                                                no-unused-vars
  Line 104:26:   'setDocumentSearch' is assigned a value but never used                                                                             no-unused-vars
  Line 107:24:   'setDevResponses' is assigned a value but never used                                                                               no-unused-vars
  Line 152:13:   'angle' is assigned a value but never used                                                                                         no-unused-vars
  Line 299:36:   Unexpected mix of '||' and '&&'. Use parentheses to clarify the intended order of operations                                       no-mixed-operators
  Line 299:70:   Unexpected mix of '||' and '&&'. Use parentheses to clarify the intended order of operations                                       no-mixed-operators
  Line 349:9:    'DESIGN_METADATA' is assigned a value but never used                                                                               no-unused-vars
  Line 481:9:    'OPERATIONAL_CATEGORIES' is assigned a value but never used                                                                        no-unused-vars
  Line 701:9:    'fetchSemanticMapping' is assigned a value but never used                                                                          no-unused-vars
  Line 728:9:    'refreshDb' is assigned a value but never used                                                                                     no-unused-vars
  Line 813:9:    'handleSuggestionAction' is assigned a value but never used                                                                        no-unused-vars
  Line 833:9:    'runNlpClustering' is assigned a value but never used                                                                              no-unused-vars
  Line 920:6:    React Hook useEffect has missing dependencies: 'fetchStudySummary' and 'view'. Either include them or remove the dependency array  react-hooks/exhaustive-deps
  Line 922:9:    'generateResearchFigures' is assigned a value but never used                                                                       no-unused-vars
  Line 1652:27:  img elements must have an alt prop, either with meaningful text, or an empty string for decorative images                          jsx-a11y/alt-text
  Line 1656:27:  img elements must have an alt prop, either with meaningful text, or an empty string for decorative images                          jsx-a11y/alt-text
  Line 1660:27:  img elements must have an alt prop, either with meaningful text, or an empty string for decorative images                          jsx-a11y/alt-text
  Line 1664:27:  img elements must have an alt prop, either with meaningful text, or an empty string for decorative images                          jsx-a11y/alt-text

webpack compiled with 1 warning
Compiling...
Compiled with warnings.

[eslint] 
src\App.js
  Line 6:3:      'LineChart' is defined but never used                                                                                              no-unused-vars
  Line 21:3:     'HelpCircle' is defined but never used                                                                                             no-unused-vars
  Line 23:3:     'XCircle' is defined but never used                                                                                                no-unused-vars
  Line 28:3:     'Wrench' is defined but never used                                                                                                 no-unused-vars
  Line 29:3:     'Link2' is defined but never used                                                                                                  no-unused-vars
  Line 38:10:    'interactiveSubTab' is assigned a value but never used                                                                             no-unused-vars
  Line 38:29:    'setInteractiveSubTab' is assigned a value but never used                                                                          no-unused-vars
  Line 66:10:    'studyClusters' is assigned a value but never used                                                                                 no-unused-vars
  Line 67:10:    'studyImages' is assigned a value but never used                                                                                   no-unused-vars
  Line 72:10:    'generatingFigures' is assigned a value but never used                                                                             no-unused-vars
  Line 73:10:    'dbStatus' is assigned a value but never used                                                                                      no-unused-vars
  Line 74:10:    'refreshingDb' is assigned a value but never used                                                                                  no-unused-vars
  Line 77:25:    'setResultsSubTab' is assigned a value but never used                                                                              no-unused-vars
  Line 78:21:    'setNlpSubTab' is assigned a value but never used                                                                                  no-unused-vars
  Line 79:10:    'nlpClusters' is assigned a value but never used                                                                                   no-unused-vars
  Line 81:19:    'setAppMode' is assigned a value but never used                                                                                    no-unused-vars
  Line 83:10:    'ontologySource' is assigned a value but never used                                                                                no-unused-vars
  Line 83:26:    'setOntologySource' is assigned a value but never used                                                                             no-unused-vars
  Line 84:10:    'matrixOntologySource' is assigned a value but never used                                                                          no-unused-vars
  Line 84:32:    'setMatrixOntologySource' is assigned a value but never used                                                                       no-unused-vars
  Line 85:27:    'setAnalyticsSubTab' is assigned a value but never used                                                                            no-unused-vars
  Line 92:10:    'nlpDendrogram' is assigned a value but never used                                                                                 no-unused-vars
  Line 93:10:    'documentStats' is assigned a value but never used                                                                                 no-unused-vars
  Line 104:10:   'documentSearch' is assigned a value but never used                                                                                no-unused-vars
  Line 104:26:   'setDocumentSearch' is assigned a value but never used                                                                             no-unused-vars
  Line 107:24:   'setDevResponses' is assigned a value but never used                                                                               no-unused-vars
  Line 152:13:   'angle' is assigned a value but never used                                                                                         no-unused-vars
  Line 299:36:   Unexpected mix of '||' and '&&'. Use parentheses to clarify the intended order of operations                                       no-mixed-operators
  Line 299:70:   Unexpected mix of '||' and '&&'. Use parentheses to clarify the intended order of operations                                       no-mixed-operators
  Line 349:9:    'DESIGN_METADATA' is assigned a value but never used                                                                               no-unused-vars
  Line 481:9:    'OPERATIONAL_CATEGORIES' is assigned a value but never used                                                                        no-unused-vars
  Line 701:9:    'fetchSemanticMapping' is assigned a value but never used                                                                          no-unused-vars
  Line 728:9:    'refreshDb' is assigned a value but never used                                                                                     no-unused-vars
  Line 813:9:    'handleSuggestionAction' is assigned a value but never used                                                                        no-unused-vars
  Line 833:9:    'runNlpClustering' is assigned a value but never used                                                                              no-unused-vars
  Line 920:6:    React Hook useEffect has missing dependencies: 'fetchStudySummary' and 'view'. Either include them or remove the dependency array  react-hooks/exhaustive-deps
  Line 922:9:    'generateResearchFigures' is assigned a value but never used                                                                       no-unused-vars
  Line 1652:27:  img elements must have an alt prop, either with meaningful text, or an empty string for decorative images                          jsx-a11y/alt-text
  Line 1656:27:  img elements must have an alt prop, either with meaningful text, or an empty string for decorative images                          jsx-a11y/alt-text
  Line 1660:27:  img elements must have an alt prop, either with meaningful text, or an empty string for decorative images                          jsx-a11y/alt-text
  Line 1664:27:  img elements must have an alt prop, either with meaningful text, or an empty string for decorative images                          jsx-a11y/alt-text

Search for the keywords to learn more about each warning.
To ignore, add // eslint-disable-next-line to the line before.

WARNING in [eslint] 
src\App.js
  Line 6:3:      'LineChart' is defined but never used                                                                                              no-unused-vars
  Line 21:3:     'HelpCircle' is defined but never used                                                                                             no-unused-vars
  Line 23:3:     'XCircle' is defined but never used                                                                                                no-unused-vars
  Line 28:3:     'Wrench' is defined but never used                                                                                                 no-unused-vars
  Line 29:3:     'Link2' is defined but never used                                                                                                  no-unused-vars
  Line 38:10:    'interactiveSubTab' is assigned a value but never used                                                                             no-unused-vars
  Line 38:29:    'setInteractiveSubTab' is assigned a value but never used                                                                          no-unused-vars
  Line 66:10:    'studyClusters' is assigned a value but never used                                                                                 no-unused-vars
  Line 67:10:    'studyImages' is assigned a value but never used                                                                                   no-unused-vars
  Line 72:10:    'generatingFigures' is assigned a value but never used                                                                             no-unused-vars
  Line 73:10:    'dbStatus' is assigned a value but never used                                                                                      no-unused-vars
  Line 74:10:    'refreshingDb' is assigned a value but never used                                                                                  no-unused-vars
  Line 77:25:    'setResultsSubTab' is assigned a value but never used                                                                              no-unused-vars
  Line 78:21:    'setNlpSubTab' is assigned a value but never used                                                                                  no-unused-vars
  Line 79:10:    'nlpClusters' is assigned a value but never used                                                                                   no-unused-vars
  Line 81:19:    'setAppMode' is assigned a value but never used                                                                                    no-unused-vars
  Line 83:10:    'ontologySource' is assigned a value but never used                                                                                no-unused-vars
  Line 83:26:    'setOntologySource' is assigned a value but never used                                                                             no-unused-vars
  Line 84:10:    'matrixOntologySource' is assigned a value but never used                                                                          no-unused-vars
  Line 84:32:    'setMatrixOntologySource' is assigned a value but never used                                                                       no-unused-vars
  Line 85:27:    'setAnalyticsSubTab' is assigned a value but never used                                                                            no-unused-vars
  Line 92:10:    'nlpDendrogram' is assigned a value but never used                                                                                 no-unused-vars
  Line 93:10:    'documentStats' is assigned a value but never used                                                                                 no-unused-vars
  Line 104:10:   'documentSearch' is assigned a value but never used                                                                                no-unused-vars
  Line 104:26:   'setDocumentSearch' is assigned a value but never used                                                                             no-unused-vars
  Line 107:24:   'setDevResponses' is assigned a value but never used                                                                               no-unused-vars
  Line 152:13:   'angle' is assigned a value but never used                                                                                         no-unused-vars
  Line 299:36:   Unexpected mix of '||' and '&&'. Use parentheses to clarify the intended order of operations                                       no-mixed-operators
  Line 299:70:   Unexpected mix of '||' and '&&'. Use parentheses to clarify the intended order of operations                                       no-mixed-operators
  Line 349:9:    'DESIGN_METADATA' is assigned a value but never used                                                                               no-unused-vars
  Line 481:9:    'OPERATIONAL_CATEGORIES' is assigned a value but never used                                                                        no-unused-vars
  Line 701:9:    'fetchSemanticMapping' is assigned a value but never used                                                                          no-unused-vars
  Line 728:9:    'refreshDb' is assigned a value but never used                                                                                     no-unused-vars
  Line 813:9:    'handleSuggestionAction' is assigned a value but never used                                                                        no-unused-vars
  Line 833:9:    'runNlpClustering' is assigned a value but never used                                                                              no-unused-vars
  Line 920:6:    React Hook useEffect has missing dependencies: 'fetchStudySummary' and 'view'. Either include them or remove the dependency array  react-hooks/exhaustive-deps
  Line 922:9:    'generateResearchFigures' is assigned a value but never used                                                                       no-unused-vars
  Line 1652:27:  img elements must have an alt prop, either with meaningful text, or an empty string for decorative images                          jsx-a11y/alt-text
  Line 1656:27:  img elements must have an alt prop, either with meaningful text, or an empty string for decorative images                          jsx-a11y/alt-text
  Line 1660:27:  img elements must have an alt prop, either with meaningful text, or an empty string for decorative images                          jsx-a11y/alt-text
  Line 1664:27:  img elements must have an alt prop, either with meaningful text, or an empty string for decorative images                          jsx-a11y/alt-text

webpack compiled with 1 warning
